REM INSERTING into TSS.BUDDY
SET DEFINE OFF;
Insert into TSS.BUDDY (USER_ID,BUDDY_ID,STATUS,DATE_CREATED) values (1,21,1,to_date('24-01-2017 14:41:32','DD-MM-YYYY HH24:MI:SS'));
Insert into TSS.BUDDY (USER_ID,BUDDY_ID,STATUS,DATE_CREATED) values (21,1,1,to_date('24-01-2017 14:41:32','DD-MM-YYYY HH24:MI:SS'));
Insert into TSS.BUDDY (USER_ID,BUDDY_ID,STATUS,DATE_CREATED) values (1,22,1,to_date('24-01-2017 14:42:20','DD-MM-YYYY HH24:MI:SS'));
Insert into TSS.BUDDY (USER_ID,BUDDY_ID,STATUS,DATE_CREATED) values (22,1,1,to_date('24-01-2017 14:42:20','DD-MM-YYYY HH24:MI:SS'));
Insert into TSS.BUDDY (USER_ID,BUDDY_ID,STATUS,DATE_CREATED) values (1,3,1,to_date('20-01-2017 18:04:36','DD-MM-YYYY HH24:MI:SS'));
Insert into TSS.BUDDY (USER_ID,BUDDY_ID,STATUS,DATE_CREATED) values (3,1,1,to_date('20-01-2017 18:04:36','DD-MM-YYYY HH24:MI:SS'));
Insert into TSS.BUDDY (USER_ID,BUDDY_ID,STATUS,DATE_CREATED) values (1,2,1,to_date('23-01-2017 15:36:19','DD-MM-YYYY HH24:MI:SS'));
Insert into TSS.BUDDY (USER_ID,BUDDY_ID,STATUS,DATE_CREATED) values (2,1,1,to_date('23-01-2017 15:36:19','DD-MM-YYYY HH24:MI:SS'));
REM INSERTING into TSS.CONVERSATION
SET DEFINE OFF;
Insert into TSS.CONVERSATION (CONVERSATION_ID,SUBJECT,STATUS,DATE_CREATED) values (1,null,1,to_date('20-01-2017 18:46:20','DD-MM-YYYY HH24:MI:SS'));
Insert into TSS.CONVERSATION (CONVERSATION_ID,SUBJECT,STATUS,DATE_CREATED) values (21,null,1,to_date('23-01-2017 17:54:43','DD-MM-YYYY HH24:MI:SS'));
Insert into TSS.CONVERSATION (CONVERSATION_ID,SUBJECT,STATUS,DATE_CREATED) values (22,null,1,to_date('24-01-2017 15:32:28','DD-MM-YYYY HH24:MI:SS'));
REM INSERTING into TSS.MESSAGE
SET DEFINE OFF;
Insert into TSS.MESSAGE (MESSAGE_ID,MESS_BODY,STATUS,MESS_TYPE,FROM_USER_ID,CONVERSATION_ID,DATE_SENT,DATE_DELIVERED) values (130,':D',1,null,1,1,to_date('23-01-2017 10:24:45','DD-MM-YYYY HH24:MI:SS'),null);
Insert into TSS.MESSAGE (MESSAGE_ID,MESS_BODY,STATUS,MESS_TYPE,FROM_USER_ID,CONVERSATION_ID,DATE_SENT,DATE_DELIVERED) values (131,'vì ?ã ý kiên r?i',1,null,1,1,to_date('23-01-2017 10:24:48','DD-MM-YYYY HH24:MI:SS'),null);
Insert into TSS.MESSAGE (MESSAGE_ID,MESS_BODY,STATUS,MESS_TYPE,FROM_USER_ID,CONVERSATION_ID,DATE_SENT,DATE_DELIVERED) values (132,'hihi',1,null,1,1,to_date('23-01-2017 10:24:50','DD-MM-YYYY HH24:MI:SS'),null);
Insert into TSS.MESSAGE (MESSAGE_ID,MESS_BODY,STATUS,MESS_TYPE,FROM_USER_ID,CONVERSATION_ID,DATE_SENT,DATE_DELIVERED) values (133,'v?y m?i l?n m?c có c?m th?y ?m ?c ko?',1,null,3,1,to_date('23-01-2017 10:25:32','DD-MM-YYYY HH24:MI:SS'),null);
Insert into TSS.MESSAGE (MESSAGE_ID,MESS_BODY,STATUS,MESS_TYPE,FROM_USER_ID,CONVERSATION_ID,DATE_SENT,DATE_DELIVERED) values (134,'ko thay am uc',1,null,1,1,to_date('23-01-2017 10:40:05','DD-MM-YYYY HH24:MI:SS'),null);
Insert into TSS.MESSAGE (MESSAGE_ID,MESS_BODY,STATUS,MESS_TYPE,FROM_USER_ID,CONVERSATION_ID,DATE_SENT,DATE_DELIVERED) values (135,'alo',1,null,1,21,to_date('23-01-2017 10:54:31','DD-MM-YYYY HH24:MI:SS'),null);
Insert into TSS.MESSAGE (MESSAGE_ID,MESS_BODY,STATUS,MESS_TYPE,FROM_USER_ID,CONVERSATION_ID,DATE_SENT,DATE_DELIVERED) values (136,'chat qua day nha ci',1,null,1,21,to_date('23-01-2017 10:54:34','DD-MM-YYYY HH24:MI:SS'),null);
Insert into TSS.MESSAGE (MESSAGE_ID,MESS_BODY,STATUS,MESS_TYPE,FROM_USER_ID,CONVERSATION_ID,DATE_SENT,DATE_DELIVERED) values (137,'ve chua em',1,null,1,1,to_date('23-01-2017 11:31:45','DD-MM-YYYY HH24:MI:SS'),null);
Insert into TSS.MESSAGE (MESSAGE_ID,MESS_BODY,STATUS,MESS_TYPE,FROM_USER_ID,CONVERSATION_ID,DATE_SENT,DATE_DELIVERED) values (138,'d? s?p',1,null,3,1,to_date('23-01-2017 11:33:26','DD-MM-YYYY HH24:MI:SS'),null);
Insert into TSS.MESSAGE (MESSAGE_ID,MESS_BODY,STATUS,MESS_TYPE,FROM_USER_ID,CONVERSATION_ID,DATE_SENT,DATE_DELIVERED) values (139,'anh v? ch?a',1,null,3,1,to_date('23-01-2017 11:33:29','DD-MM-YYYY HH24:MI:SS'),null);
Insert into TSS.MESSAGE (MESSAGE_ID,MESS_BODY,STATUS,MESS_TYPE,FROM_USER_ID,CONVERSATION_ID,DATE_SENT,DATE_DELIVERED) values (140,'ve roi em',1,null,1,1,to_date('23-01-2017 11:35:26','DD-MM-YYYY HH24:MI:SS'),null);
Insert into TSS.MESSAGE (MESSAGE_ID,MESS_BODY,STATUS,MESS_TYPE,FROM_USER_ID,CONVERSATION_ID,DATE_SENT,DATE_DELIVERED) values (141,'ki?m chuy?n v?i em quài nha',1,null,3,1,to_date('23-01-2017 11:35:44','DD-MM-YYYY HH24:MI:SS'),null);
Insert into TSS.MESSAGE (MESSAGE_ID,MESS_BODY,STATUS,MESS_TYPE,FROM_USER_ID,CONVERSATION_ID,DATE_SENT,DATE_DELIVERED) values (142,':(',1,null,3,1,to_date('23-01-2017 11:35:46','DD-MM-YYYY HH24:MI:SS'),null);
Insert into TSS.MESSAGE (MESSAGE_ID,MESS_BODY,STATUS,MESS_TYPE,FROM_USER_ID,CONVERSATION_ID,DATE_SENT,DATE_DELIVERED) values (143,'ahaa',1,null,1,1,to_date('23-01-2017 11:35:49','DD-MM-YYYY HH24:MI:SS'),null);
Insert into TSS.MESSAGE (MESSAGE_ID,MESS_BODY,STATUS,MESS_TYPE,FROM_USER_ID,CONVERSATION_ID,DATE_SENT,DATE_DELIVERED) values (144,'khi nào v?',1,null,3,1,to_date('23-01-2017 11:36:30','DD-MM-YYYY HH24:MI:SS'),null);
Insert into TSS.MESSAGE (MESSAGE_ID,MESS_BODY,STATUS,MESS_TYPE,FROM_USER_ID,CONVERSATION_ID,DATE_SENT,DATE_DELIVERED) values (145,'hom nay it 
viec a',1,null,1,1,to_date('23-01-2017 11:36:38','DD-MM-YYYY HH24:MI:SS'),null);
Insert into TSS.MESSAGE (MESSAGE_ID,MESS_BODY,STATUS,MESS_TYPE,FROM_USER_ID,CONVERSATION_ID,DATE_SENT,DATE_DELIVERED) values (146,'chac 10p nua',1,null,1,1,to_date('23-01-2017 11:36:52','DD-MM-YYYY HH24:MI:SS'),null);
Insert into TSS.MESSAGE (MESSAGE_ID,MESS_BODY,STATUS,MESS_TYPE,FROM_USER_ID,CONVERSATION_ID,DATE_SENT,DATE_DELIVERED) values (147,'nhi?u',1,null,3,1,to_date('23-01-2017 11:38:19','DD-MM-YYYY HH24:MI:SS'),null);
Insert into TSS.MESSAGE (MESSAGE_ID,MESS_BODY,STATUS,MESS_TYPE,FROM_USER_ID,CONVERSATION_ID,DATE_SENT,DATE_DELIVERED) values (148,'nh?ng tr?n v?',1,null,3,1,to_date('23-01-2017 11:38:24','DD-MM-YYYY HH24:MI:SS'),null);
Insert into TSS.MESSAGE (MESSAGE_ID,MESS_BODY,STATUS,MESS_TYPE,FROM_USER_ID,CONVERSATION_ID,DATE_SENT,DATE_DELIVERED) values (149,'hic',1,null,3,1,to_date('23-01-2017 11:38:25','DD-MM-YYYY HH24:MI:SS'),null);
Insert into TSS.MESSAGE (MESSAGE_ID,MESS_BODY,STATUS,MESS_TYPE,FROM_USER_ID,CONVERSATION_ID,DATE_SENT,DATE_DELIVERED) values (150,'okie e',1,null,2,21,to_date('23-01-2017 11:40:36','DD-MM-YYYY HH24:MI:SS'),null);
Insert into TSS.MESSAGE (MESSAGE_ID,MESS_BODY,STATUS,MESS_TYPE,FROM_USER_ID,CONVERSATION_ID,DATE_SENT,DATE_DELIVERED) values (151,'dzia thui hehe',1,null,2,21,to_date('23-01-2017 11:40:40','DD-MM-YYYY HH24:MI:SS'),null);
Insert into TSS.MESSAGE (MESSAGE_ID,MESS_BODY,STATUS,MESS_TYPE,FROM_USER_ID,CONVERSATION_ID,DATE_SENT,DATE_DELIVERED) values (152,'v? hú em v?i nha',1,null,3,1,to_date('23-01-2017 11:40:50','DD-MM-YYYY HH24:MI:SS'),null);
Insert into TSS.MESSAGE (MESSAGE_ID,MESS_BODY,STATUS,MESS_TYPE,FROM_USER_ID,CONVERSATION_ID,DATE_SENT,DATE_DELIVERED) values (153,'gio ve ne',1,null,1,1,to_date('23-01-2017 11:43:43','DD-MM-YYYY HH24:MI:SS'),null);
Insert into TSS.MESSAGE (MESSAGE_ID,MESS_BODY,STATUS,MESS_TYPE,FROM_USER_ID,CONVERSATION_ID,DATE_SENT,DATE_DELIVERED) values (154,'ve di em',1,null,1,1,to_date('23-01-2017 11:43:46','DD-MM-YYYY HH24:MI:SS'),null);
Insert into TSS.MESSAGE (MESSAGE_ID,MESS_BODY,STATUS,MESS_TYPE,FROM_USER_ID,CONVERSATION_ID,DATE_SENT,DATE_DELIVERED) values (155,'anh v? tr??c ?i',1,null,3,1,to_date('23-01-2017 11:45:40','DD-MM-YYYY HH24:MI:SS'),null);
Insert into TSS.MESSAGE (MESSAGE_ID,MESS_BODY,STATUS,MESS_TYPE,FROM_USER_ID,CONVERSATION_ID,DATE_SENT,DATE_DELIVERED) values (156,'em vi?t mail cái',1,null,3,1,to_date('23-01-2017 11:45:44','DD-MM-YYYY HH24:MI:SS'),null);
Insert into TSS.MESSAGE (MESSAGE_ID,MESS_BODY,STATUS,MESS_TYPE,FROM_USER_ID,CONVERSATION_ID,DATE_SENT,DATE_DELIVERED) values (157,'anh v? c?n th?n',1,null,3,1,to_date('23-01-2017 11:45:55','DD-MM-YYYY HH24:MI:SS'),null);
Insert into TSS.MESSAGE (MESSAGE_ID,MESS_BODY,STATUS,MESS_TYPE,FROM_USER_ID,CONVERSATION_ID,DATE_SENT,DATE_DELIVERED) values (158,'em',1,null,1,1,to_date('24-01-2017 02:33:03','DD-MM-YYYY HH24:MI:SS'),null);
Insert into TSS.MESSAGE (MESSAGE_ID,MESS_BODY,STATUS,MESS_TYPE,FROM_USER_ID,CONVERSATION_ID,DATE_SENT,DATE_DELIVERED) values (159,'em ne',1,null,3,1,to_date('24-01-2017 02:33:48','DD-MM-YYYY HH24:MI:SS'),null);
Insert into TSS.MESSAGE (MESSAGE_ID,MESS_BODY,STATUS,MESS_TYPE,FROM_USER_ID,CONVERSATION_ID,DATE_SENT,DATE_DELIVERED) values (160,'a có ?em h? m?t ong g?ng',1,null,1,1,to_date('24-01-2017 02:34:04','DD-MM-YYYY HH24:MI:SS'),null);
Insert into TSS.MESSAGE (MESSAGE_ID,MESS_BODY,STATUS,MESS_TYPE,FROM_USER_ID,CONVERSATION_ID,DATE_SENT,DATE_DELIVERED) values (161,'có dang hopp[j ko em',1,null,1,1,to_date('24-01-2017 02:34:11','DD-MM-YYYY HH24:MI:SS'),null);
Insert into TSS.MESSAGE (MESSAGE_ID,MESS_BODY,STATUS,MESS_TYPE,FROM_USER_ID,CONVERSATION_ID,DATE_SENT,DATE_DELIVERED) values (162,'d? ko',1,null,3,1,to_date('24-01-2017 02:34:31','DD-MM-YYYY HH24:MI:SS'),null);
Insert into TSS.MESSAGE (MESSAGE_ID,MESS_BODY,STATUS,MESS_TYPE,FROM_USER_ID,CONVERSATION_ID,DATE_SENT,DATE_DELIVERED) values (163,'sau 10h em m?i h?p',1,null,3,1,to_date('24-01-2017 02:34:49','DD-MM-YYYY HH24:MI:SS'),null);
Insert into TSS.MESSAGE (MESSAGE_ID,MESS_BODY,STATUS,MESS_TYPE,FROM_USER_ID,CONVERSATION_ID,DATE_SENT,DATE_DELIVERED) values (164,'chua bi ra lay',1,null,1,1,to_date('24-01-2017 02:35:18','DD-MM-YYYY HH24:MI:SS'),null);
Insert into TSS.MESSAGE (MESSAGE_ID,MESS_BODY,STATUS,MESS_TYPE,FROM_USER_ID,CONVERSATION_ID,DATE_SENT,DATE_DELIVERED) values (165,'anh oi',1,null,3,1,to_date('24-01-2017 02:35:22','DD-MM-YYYY HH24:MI:SS'),null);
Insert into TSS.MESSAGE (MESSAGE_ID,MESS_BODY,STATUS,MESS_TYPE,FROM_USER_ID,CONVERSATION_ID,DATE_SENT,DATE_DELIVERED) values (166,'anh',1,null,3,1,to_date('24-01-2017 02:35:38','DD-MM-YYYY HH24:MI:SS'),null);
Insert into TSS.MESSAGE (MESSAGE_ID,MESS_BODY,STATUS,MESS_TYPE,FROM_USER_ID,CONVERSATION_ID,DATE_SENT,DATE_DELIVERED) values (167,'nay e lên có trang ko',1,null,1,1,to_date('24-01-2017 02:51:47','DD-MM-YYYY HH24:MI:SS'),null);
Insert into TSS.MESSAGE (MESSAGE_ID,MESS_BODY,STATUS,MESS_TYPE,FROM_USER_ID,CONVERSATION_ID,DATE_SENT,DATE_DELIVERED) values (168,'da ko',1,null,3,1,to_date('24-01-2017 02:51:56','DD-MM-YYYY HH24:MI:SS'),null);
Insert into TSS.MESSAGE (MESSAGE_ID,MESS_BODY,STATUS,MESS_TYPE,FROM_USER_ID,CONVERSATION_ID,DATE_SENT,DATE_DELIVERED) values (169,'Chi Trang ngh? r?i',1,null,3,1,to_date('24-01-2017 02:52:04','DD-MM-YYYY HH24:MI:SS'),null);
Insert into TSS.MESSAGE (MESSAGE_ID,MESS_BODY,STATUS,MESS_TYPE,FROM_USER_ID,CONVERSATION_ID,DATE_SENT,DATE_DELIVERED) values (170,'bà m?p m?p hay m?c ??m ?en pk',1,null,1,1,to_date('24-01-2017 02:52:18','DD-MM-YYYY HH24:MI:SS'),null);
Insert into TSS.MESSAGE (MESSAGE_ID,MESS_BODY,STATUS,MESS_TYPE,FROM_USER_ID,CONVERSATION_ID,DATE_SENT,DATE_DELIVERED) values (171,'h?i tròn tròn tý',1,null,3,1,to_date('24-01-2017 02:53:00','DD-MM-YYYY HH24:MI:SS'),null);
Insert into TSS.MESSAGE (MESSAGE_ID,MESS_BODY,STATUS,MESS_TYPE,FROM_USER_ID,CONVERSATION_ID,DATE_SENT,DATE_DELIVERED) values (172,'?âu m?p l?m ?âu',1,null,3,1,to_date('24-01-2017 02:53:06','DD-MM-YYYY HH24:MI:SS'),null);
Insert into TSS.MESSAGE (MESSAGE_ID,MESS_BODY,STATUS,MESS_TYPE,FROM_USER_ID,CONVERSATION_ID,DATE_SENT,DATE_DELIVERED) values (173,'tóc dài',1,null,3,1,to_date('24-01-2017 02:53:11','DD-MM-YYYY HH24:MI:SS'),null);
Insert into TSS.MESSAGE (MESSAGE_ID,MESS_BODY,STATUS,MESS_TYPE,FROM_USER_ID,CONVERSATION_ID,DATE_SENT,DATE_DELIVERED) values (174,'có ?? máy',1,null,3,1,to_date('24-01-2017 02:53:15','DD-MM-YYYY HH24:MI:SS'),null);
Insert into TSS.MESSAGE (MESSAGE_ID,MESS_BODY,STATUS,MESS_TYPE,FROM_USER_ID,CONVERSATION_ID,DATE_SENT,DATE_DELIVERED) values (175,'haha',1,null,1,1,to_date('24-01-2017 02:53:15','DD-MM-YYYY HH24:MI:SS'),null);
Insert into TSS.MESSAGE (MESSAGE_ID,MESS_BODY,STATUS,MESS_TYPE,FROM_USER_ID,CONVERSATION_ID,DATE_SENT,DATE_DELIVERED) values (176,'?? máy là sao',1,null,1,1,to_date('24-01-2017 02:53:22','DD-MM-YYYY HH24:MI:SS'),null);
Insert into TSS.MESSAGE (MESSAGE_ID,MESS_BODY,STATUS,MESS_TYPE,FROM_USER_ID,CONVERSATION_ID,DATE_SENT,DATE_DELIVERED) values (177,'mái',1,null,3,1,to_date('24-01-2017 02:53:26','DD-MM-YYYY HH24:MI:SS'),null);
Insert into TSS.MESSAGE (MESSAGE_ID,MESS_BODY,STATUS,MESS_TYPE,FROM_USER_ID,CONVERSATION_ID,DATE_SENT,DATE_DELIVERED) values (178,'là tóc mái gi?ng em ?ó',1,null,3,1,to_date('24-01-2017 02:54:09','DD-MM-YYYY HH24:MI:SS'),null);
Insert into TSS.MESSAGE (MESSAGE_ID,MESS_BODY,STATUS,MESS_TYPE,FROM_USER_ID,CONVERSATION_ID,DATE_SENT,DATE_DELIVERED) values (179,'tóc ch? ?ó thì mái m?ng h?n, l?a th?a',1,null,3,1,to_date('24-01-2017 02:54:24','DD-MM-YYYY HH24:MI:SS'),null);
Insert into TSS.MESSAGE (MESSAGE_ID,MESS_BODY,STATUS,MESS_TYPE,FROM_USER_ID,CONVERSATION_ID,DATE_SENT,DATE_DELIVERED) values (180,'st&d có 1 ng??i ten T
rang thôi pk',1,null,1,1,to_date('24-01-2017 02:57:54','DD-MM-YYYY HH24:MI:SS'),null);
Insert into TSS.MESSAGE (MESSAGE_ID,MESS_BODY,STATUS,MESS_TYPE,FROM_USER_ID,CONVERSATION_ID,DATE_SENT,DATE_DELIVERED) values (181,'d? ko',1,null,3,1,to_date('24-01-2017 03:00:44','DD-MM-YYYY HH24:MI:SS'),null);
Insert into TSS.MESSAGE (MESSAGE_ID,MESS_BODY,STATUS,MESS_TYPE,FROM_USER_ID,CONVERSATION_ID,DATE_SENT,DATE_DELIVERED) values (182,'mà em m?i tr? l?i gì ta',1,null,3,1,to_date('24-01-2017 03:01:27','DD-MM-YYYY HH24:MI:SS'),null);
Insert into TSS.MESSAGE (MESSAGE_ID,MESS_BODY,STATUS,MESS_TYPE,FROM_USER_ID,CONVERSATION_ID,DATE_SENT,DATE_DELIVERED) values (183,'ch? có 1 ng??i tên Trang thui',1,null,3,1,to_date('24-01-2017 03:01:40','DD-MM-YYYY HH24:MI:SS'),null);
Insert into TSS.MESSAGE (MESSAGE_ID,MESS_BODY,STATUS,MESS_TYPE,FROM_USER_ID,CONVERSATION_ID,DATE_SENT,DATE_DELIVERED) values (184,'là sao em',1,null,1,1,to_date('24-01-2017 03:17:51','DD-MM-YYYY HH24:MI:SS'),null);
Insert into TSS.MESSAGE (MESSAGE_ID,MESS_BODY,STATUS,MESS_TYPE,FROM_USER_ID,CONVERSATION_ID,DATE_SENT,DATE_DELIVERED) values (185,'v?y tóm l?i là có m?y ng??i tên Trang',1,null,1,1,to_date('24-01-2017 03:17:58','DD-MM-YYYY HH24:MI:SS'),null);
Insert into TSS.MESSAGE (MESSAGE_ID,MESS_BODY,STATUS,MESS_TYPE,FROM_USER_ID,CONVERSATION_ID,DATE_SENT,DATE_DELIVERED) values (186,'d? 1 ng??i',1,null,3,1,to_date('24-01-2017 03:19:40','DD-MM-YYYY HH24:MI:SS'),null);
Insert into TSS.MESSAGE (MESSAGE_ID,MESS_BODY,STATUS,MESS_TYPE,FROM_USER_ID,CONVERSATION_ID,DATE_SENT,DATE_DELIVERED) values (187,'anh ?i',1,null,3,1,to_date('24-01-2017 03:19:54','DD-MM-YYYY HH24:MI:SS'),null);
Insert into TSS.MESSAGE (MESSAGE_ID,MESS_BODY,STATUS,MESS_TYPE,FROM_USER_ID,CONVERSATION_ID,DATE_SENT,DATE_DELIVERED) values (188,'anh nói thi?t v?i em ?i, em s? tha th?',1,null,3,1,to_date('24-01-2017 03:20:18','DD-MM-YYYY HH24:MI:SS'),null);
Insert into TSS.MESSAGE (MESSAGE_ID,MESS_BODY,STATUS,MESS_TYPE,FROM_USER_ID,CONVERSATION_ID,DATE_SENT,DATE_DELIVERED) values (189,'hwa anh cho em ?n chu?i, anh có b? thu?c ??c vô ko',1,null,3,1,to_date('24-01-2017 03:20:41','DD-MM-YYYY HH24:MI:SS'),null);
Insert into TSS.MESSAGE (MESSAGE_ID,MESS_BODY,STATUS,MESS_TYPE,FROM_USER_ID,CONVERSATION_ID,DATE_SENT,DATE_DELIVERED) values (190,'em suy ngh? k? r?i, ?ang yên ?ang lành, ko lý nào em t? nhiên b?nh',1,null,3,1,to_date('24-01-2017 03:21:04','DD-MM-YYYY HH24:MI:SS'),null);
Insert into TSS.MESSAGE (MESSAGE_ID,MESS_BODY,STATUS,MESS_TYPE,FROM_USER_ID,CONVERSATION_ID,DATE_SENT,DATE_DELIVERED) values (191,'tr?i',1,null,1,1,to_date('24-01-2017 03:30:46','DD-MM-YYYY HH24:MI:SS'),null);
Insert into TSS.MESSAGE (MESSAGE_ID,MESS_BODY,STATUS,MESS_TYPE,FROM_USER_ID,CONVERSATION_ID,DATE_SENT,DATE_DELIVERED) values (192,'r?nh quá',1,null,1,1,to_date('24-01-2017 03:30:49','DD-MM-YYYY HH24:MI:SS'),null);
Insert into TSS.MESSAGE (MESSAGE_ID,MESS_BODY,STATUS,MESS_TYPE,FROM_USER_ID,CONVERSATION_ID,DATE_SENT,DATE_DELIVERED) values (193,'chu?i a ?n hàng ngày',1,null,1,1,to_date('24-01-2017 03:30:58','DD-MM-YYYY HH24:MI:SS'),null);
Insert into TSS.MESSAGE (MESSAGE_ID,MESS_BODY,STATUS,MESS_TYPE,FROM_USER_ID,CONVERSATION_ID,DATE_SENT,DATE_DELIVERED) values (194,'có sao ?âu\',1,null,1,1,to_date('24-01-2017 03:30:59','DD-MM-YYYY HH24:MI:SS'),null);
Insert into TSS.MESSAGE (MESSAGE_ID,MESS_BODY,STATUS,MESS_TYPE,FROM_USER_ID,CONVERSATION_ID,DATE_SENT,DATE_DELIVERED) values (195,'ch?c do tr?i l?nh thôi',1,null,1,1,to_date('24-01-2017 03:31:03','DD-MM-YYYY HH24:MI:SS'),null);
Insert into TSS.MESSAGE (MESSAGE_ID,MESS_BODY,STATUS,MESS_TYPE,FROM_USER_ID,CONVERSATION_ID,DATE_SENT,DATE_DELIVERED) values (196,'m?y hôm nay l?nh mà',1,null,1,1,to_date('24-01-2017 03:31:06','DD-MM-YYYY HH24:MI:SS'),null);
Insert into TSS.MESSAGE (MESSAGE_ID,MESS_BODY,STATUS,MESS_TYPE,FROM_USER_ID,CONVERSATION_ID,DATE_SENT,DATE_DELIVERED) values (197,'haha',1,null,3,1,to_date('24-01-2017 03:31:28','DD-MM-YYYY HH24:MI:SS'),null);
Insert into TSS.MESSAGE (MESSAGE_ID,MESS_BODY,STATUS,MESS_TYPE,FROM_USER_ID,CONVERSATION_ID,DATE_SENT,DATE_DELIVERED) values (198,'bình th??ng ?n chu?i s?',1,null,1,1,to_date('24-01-2017 03:31:36','DD-MM-YYYY HH24:MI:SS'),null);
Insert into TSS.MESSAGE (MESSAGE_ID,MESS_BODY,STATUS,MESS_TYPE,FROM_USER_ID,CONVERSATION_ID,DATE_SENT,DATE_DELIVERED) values (199,'ngày ?n 4 trái',1,null,1,1,to_date('24-01-2017 03:31:46','DD-MM-YYYY HH24:MI:SS'),null);
Insert into TSS.MESSAGE (MESSAGE_ID,MESS_BODY,STATUS,MESS_TYPE,FROM_USER_ID,CONVERSATION_ID,DATE_SENT,DATE_DELIVERED) values (200,'m?y hôm nay nhà mua chu?i dài, nhi?u quá ?n ko hét\',1,null,1,1,to_date('24-01-2017 03:31:57','DD-MM-YYYY HH24:MI:SS'),null);
Insert into TSS.MESSAGE (MESSAGE_ID,MESS_BODY,STATUS,MESS_TYPE,FROM_USER_ID,CONVERSATION_ID,DATE_SENT,DATE_DELIVERED) values (201,'nên chia e ?n',1,null,1,1,to_date('24-01-2017 03:32:01','DD-MM-YYYY HH24:MI:SS'),null);
Insert into TSS.MESSAGE (MESSAGE_ID,MESS_BODY,STATUS,MESS_TYPE,FROM_USER_ID,CONVERSATION_ID,DATE_SENT,DATE_DELIVERED) values (202,'v?y là ko có ??u ??c em ph?i ko',1,null,3,1,to_date('24-01-2017 03:32:04','DD-MM-YYYY HH24:MI:SS'),null);
Insert into TSS.MESSAGE (MESSAGE_ID,MESS_BODY,STATUS,MESS_TYPE,FROM_USER_ID,CONVERSATION_ID,DATE_SENT,DATE_DELIVERED) values (203,'?n m?t ong ch?a',1,null,1,1,to_date('24-01-2017 03:32:10','DD-MM-YYYY HH24:MI:SS'),null);
Insert into TSS.MESSAGE (MESSAGE_ID,MESS_BODY,STATUS,MESS_TYPE,FROM_USER_ID,CONVERSATION_ID,DATE_SENT,DATE_DELIVERED) values (204,'?n 1, 2 mu?ng\',1,null,1,1,to_date('24-01-2017 03:32:16','DD-MM-YYYY HH24:MI:SS'),null);
Insert into TSS.MESSAGE (MESSAGE_ID,MESS_BODY,STATUS,MESS_TYPE,FROM_USER_ID,CONVERSATION_ID,DATE_SENT,DATE_DELIVERED) values (205,'có lát g?ng ?ó\',1,null,1,1,to_date('24-01-2017 03:32:20','DD-MM-YYYY HH24:MI:SS'),null);
Insert into TSS.MESSAGE (MESSAGE_ID,MESS_BODY,STATUS,MESS_TYPE,FROM_USER_ID,CONVERSATION_ID,DATE_SENT,DATE_DELIVERED) values (206,'nhai t? t? cho cay',1,null,1,1,to_date('24-01-2017 03:32:32','DD-MM-YYYY HH24:MI:SS'),null);
Insert into TSS.MESSAGE (MESSAGE_ID,MESS_BODY,STATUS,MESS_TYPE,FROM_USER_ID,CONVERSATION_ID,DATE_SENT,DATE_DELIVERED) values (207,'s? ch?a ?au h?ng',1,null,1,1,to_date('24-01-2017 03:32:39','DD-MM-YYYY HH24:MI:SS'),null);
Insert into TSS.MESSAGE (MESSAGE_ID,MESS_BODY,STATUS,MESS_TYPE,FROM_USER_ID,CONVERSATION_ID,DATE_SENT,DATE_DELIVERED) values (208,'nay gio tim cai muong ch?a ra',1,null,3,1,to_date('24-01-2017 03:33:11','DD-MM-YYYY HH24:MI:SS'),null);
Insert into TSS.MESSAGE (MESSAGE_ID,MESS_BODY,STATUS,MESS_TYPE,FROM_USER_ID,CONVERSATION_ID,DATE_SENT,DATE_DELIVERED) values (209,'?? ?i tim l?i',1,null,3,1,to_date('24-01-2017 03:33:19','DD-MM-YYYY HH24:MI:SS'),null);
Insert into TSS.MESSAGE (MESSAGE_ID,MESS_BODY,STATUS,MESS_TYPE,FROM_USER_ID,CONVERSATION_ID,DATE_SENT,DATE_DELIVERED) values (210,'em ?ã ?n xong',1,null,3,1,to_date('24-01-2017 03:39:44','DD-MM-YYYY HH24:MI:SS'),null);
Insert into TSS.MESSAGE (MESSAGE_ID,MESS_BODY,STATUS,MESS_TYPE,FROM_USER_ID,CONVERSATION_ID,DATE_SENT,DATE_DELIVERED) values (211,'mà m?t ong ngon quá em ?n g?n h?t luôn r?i',1,null,3,1,to_date('24-01-2017 03:40:01','DD-MM-YYYY HH24:MI:SS'),null);
Insert into TSS.MESSAGE (MESSAGE_ID,MESS_BODY,STATUS,MESS_TYPE,FROM_USER_ID,CONVERSATION_ID,DATE_SENT,DATE_DELIVERED) values (212,'tr?i',1,null,1,1,to_date('24-01-2017 04:05:58','DD-MM-YYYY HH24:MI:SS'),null);
Insert into TSS.MESSAGE (MESSAGE_ID,MESS_BODY,STATUS,MESS_TYPE,FROM_USER_ID,CONVERSATION_ID,DATE_SENT,DATE_DELIVERED) values (213,'?n gì d? v?y',1,null,1,1,to_date('24-01-2017 04:06:03','DD-MM-YYYY HH24:MI:SS'),null);
Insert into TSS.MESSAGE (MESSAGE_ID,MESS_BODY,STATUS,MESS_TYPE,FROM_USER_ID,CONVERSATION_ID,DATE_SENT,DATE_DELIVERED) values (214,'ko ?? t?i và mai ?n ti?p',1,null,1,1,to_date('24-01-2017 04:06:13','DD-MM-YYYY HH24:MI:SS'),null);
Insert into TSS.MESSAGE (MESSAGE_ID,MESS_BODY,STATUS,MESS_TYPE,FROM_USER_ID,CONVERSATION_ID,DATE_SENT,DATE_DELIVERED) values (215,'nói ch? em ch? ?n ?úng 2 mu?ng thôi',1,null,3,1,to_date('24-01-2017 04:15:45','DD-MM-YYYY HH24:MI:SS'),null);
Insert into TSS.MESSAGE (MESSAGE_ID,MESS_BODY,STATUS,MESS_TYPE,FROM_USER_ID,CONVERSATION_ID,DATE_SENT,DATE_DELIVERED) values (216,'ko h?n ko kém',1,null,3,1,to_date('24-01-2017 04:15:51','DD-MM-YYYY HH24:MI:SS'),null);
Insert into TSS.MESSAGE (MESSAGE_ID,MESS_BODY,STATUS,MESS_TYPE,FROM_USER_ID,CONVERSATION_ID,DATE_SENT,DATE_DELIVERED) values (217,'haha',1,null,1,1,to_date('24-01-2017 04:28:47','DD-MM-YYYY HH24:MI:SS'),null);
Insert into TSS.MESSAGE (MESSAGE_ID,MESS_BODY,STATUS,MESS_TYPE,FROM_USER_ID,CONVERSATION_ID,DATE_SENT,DATE_DELIVERED) values (218,'biet mà',1,null,1,1,to_date('24-01-2017 04:28:49','DD-MM-YYYY HH24:MI:SS'),null);
Insert into TSS.MESSAGE (MESSAGE_ID,MESS_BODY,STATUS,MESS_TYPE,FROM_USER_ID,CONVERSATION_ID,DATE_SENT,DATE_DELIVERED) values (219,'e toàn ch?c anh',1,null,1,1,to_date('24-01-2017 04:28:57','DD-MM-YYYY HH24:MI:SS'),null);
Insert into TSS.MESSAGE (MESSAGE_ID,MESS_BODY,STATUS,MESS_TYPE,FROM_USER_ID,CONVERSATION_ID,DATE_SENT,DATE_DELIVERED) values (220,'ni?m vui c?a em m?i ngày mà',1,null,3,1,to_date('24-01-2017 04:36:49','DD-MM-YYYY HH24:MI:SS'),null);
Insert into TSS.MESSAGE (MESSAGE_ID,MESS_BODY,STATUS,MESS_TYPE,FROM_USER_ID,CONVERSATION_ID,DATE_SENT,DATE_DELIVERED) values (221,'anh c?ng mu?n em dzui mà pk?',1,null,3,1,to_date('24-01-2017 04:37:05','DD-MM-YYYY HH24:MI:SS'),null);
Insert into TSS.MESSAGE (MESSAGE_ID,MESS_BODY,STATUS,MESS_TYPE,FROM_USER_ID,CONVERSATION_ID,DATE_SENT,DATE_DELIVERED) values (222,'hnay m?c b? tr?ng ??p vây',1,null,1,1,to_date('24-01-2017 04:51:40','DD-MM-YYYY HH24:MI:SS'),null);
Insert into TSS.MESSAGE (MESSAGE_ID,MESS_BODY,STATUS,MESS_TYPE,FROM_USER_ID,CONVERSATION_ID,DATE_SENT,DATE_DELIVERED) values (223,'em m?c b? này g?p anh g?n c? ch?c l?n rùi á',1,null,3,1,to_date('24-01-2017 04:54:00','DD-MM-YYYY HH24:MI:SS'),null);
Insert into TSS.MESSAGE (MESSAGE_ID,MESS_BODY,STATUS,MESS_TYPE,FROM_USER_ID,CONVERSATION_ID,DATE_SENT,DATE_DELIVERED) values (224,'v?y là m?y l?n tr??c ko dòm t?i em luôn h??',1,null,3,1,to_date('24-01-2017 04:55:07','DD-MM-YYYY HH24:MI:SS'),null);
Insert into TSS.MESSAGE (MESSAGE_ID,MESS_BODY,STATUS,MESS_TYPE,FROM_USER_ID,CONVERSATION_ID,DATE_SENT,DATE_DELIVERED) values (225,'hic',1,null,3,1,to_date('24-01-2017 04:55:09','DD-MM-YYYY HH24:MI:SS'),null);
Insert into TSS.MESSAGE (MESSAGE_ID,MESS_BODY,STATUS,MESS_TYPE,FROM_USER_ID,CONVERSATION_ID,DATE_SENT,DATE_DELIVERED) values (226,'có mà',1,null,1,1,to_date('24-01-2017 05:03:52','DD-MM-YYYY HH24:MI:SS'),null);
Insert into TSS.MESSAGE (MESSAGE_ID,MESS_BODY,STATUS,MESS_TYPE,FROM_USER_ID,CONVERSATION_ID,DATE_SENT,DATE_DELIVERED) values (227,'m?y làn trc quên khen',1,null,1,1,to_date('24-01-2017 05:03:58','DD-MM-YYYY HH24:MI:SS'),null);
Insert into TSS.MESSAGE (MESSAGE_ID,MESS_BODY,STATUS,MESS_TYPE,FROM_USER_ID,CONVERSATION_ID,DATE_SENT,DATE_DELIVERED) values (228,':D',1,null,1,1,to_date('24-01-2017 05:03:59','DD-MM-YYYY HH24:MI:SS'),null);
Insert into TSS.MESSAGE (MESSAGE_ID,MESS_BODY,STATUS,MESS_TYPE,FROM_USER_ID,CONVERSATION_ID,DATE_SENT,DATE_DELIVERED) values (229,'?i ?n ?i em',1,null,1,1,to_date('24-01-2017 05:04:02','DD-MM-YYYY HH24:MI:SS'),null);
Insert into TSS.MESSAGE (MESSAGE_ID,MESS_BODY,STATUS,MESS_TYPE,FROM_USER_ID,CONVERSATION_ID,DATE_SENT,DATE_DELIVERED) values (230,'d?',1,null,3,1,to_date('24-01-2017 05:05:11','DD-MM-YYYY HH24:MI:SS'),null);
Insert into TSS.MESSAGE (MESSAGE_ID,MESS_BODY,STATUS,MESS_TYPE,FROM_USER_ID,CONVERSATION_ID,DATE_SENT,DATE_DELIVERED) values (231,'em ?i ?n nha',1,null,3,1,to_date('24-01-2017 05:05:15','DD-MM-YYYY HH24:MI:SS'),null);
Insert into TSS.MESSAGE (MESSAGE_ID,MESS_BODY,STATUS,MESS_TYPE,FROM_USER_ID,CONVERSATION_ID,DATE_SENT,DATE_DELIVERED) values (1,'809000',1,null,1,1,to_date('20-01-2017 11:46:08','DD-MM-YYYY HH24:MI:SS'),null);
Insert into TSS.MESSAGE (MESSAGE_ID,MESS_BODY,STATUS,MESS_TYPE,FROM_USER_ID,CONVERSATION_ID,DATE_SENT,DATE_DELIVERED) values (2,'0-=0-=0-=0',1,null,1,1,to_date('20-01-2017 11:52:59','DD-MM-YYYY HH24:MI:SS'),null);
Insert into TSS.MESSAGE (MESSAGE_ID,MESS_BODY,STATUS,MESS_TYPE,FROM_USER_ID,CONVERSATION_ID,DATE_SENT,DATE_DELIVERED) values (3,'907070',1,null,1,1,to_date('20-01-2017 11:58:57','DD-MM-YYYY HH24:MI:SS'),null);
Insert into TSS.MESSAGE (MESSAGE_ID,MESS_BODY,STATUS,MESS_TYPE,FROM_USER_ID,CONVERSATION_ID,DATE_SENT,DATE_DELIVERED) values (24,'eryery',1,null,1,1,to_date('23-01-2017 03:33:02','DD-MM-YYYY HH24:MI:SS'),null);
Insert into TSS.MESSAGE (MESSAGE_ID,MESS_BODY,STATUS,MESS_TYPE,FROM_USER_ID,CONVERSATION_ID,DATE_SENT,DATE_DELIVERED) values (25,'wrqwr',1,null,3,1,to_date('23-01-2017 03:33:50','DD-MM-YYYY HH24:MI:SS'),null);
Insert into TSS.MESSAGE (MESSAGE_ID,MESS_BODY,STATUS,MESS_TYPE,FROM_USER_ID,CONVERSATION_ID,DATE_SENT,DATE_DELIVERED) values (26,'79679',1,null,3,1,to_date('23-01-2017 03:33:53','DD-MM-YYYY HH24:MI:SS'),null);
Insert into TSS.MESSAGE (MESSAGE_ID,MESS_BODY,STATUS,MESS_TYPE,FROM_USER_ID,CONVERSATION_ID,DATE_SENT,DATE_DELIVERED) values (640,'alo',1,null,2,21,to_date('25-01-2017 09:44:59','DD-MM-YYYY HH24:MI:SS'),null);
Insert into TSS.MESSAGE (MESSAGE_ID,MESS_BODY,STATUS,MESS_TYPE,FROM_USER_ID,CONVERSATION_ID,DATE_SENT,DATE_DELIVERED) values (641,'W AWAWR',1,null,1,21,to_date('25-01-2017 09:45:18','DD-MM-YYYY HH24:MI:SS'),null);
Insert into TSS.MESSAGE (MESSAGE_ID,MESS_BODY,STATUS,MESS_TYPE,FROM_USER_ID,CONVERSATION_ID,DATE_SENT,DATE_DELIVERED) values (642,'th?y nó báo notification ? góc ??ng h? ko ch?',1,null,1,21,to_date('25-01-2017 09:45:32','DD-MM-YYYY HH24:MI:SS'),null);
Insert into TSS.MESSAGE (MESSAGE_ID,MESS_BODY,STATUS,MESS_TYPE,FROM_USER_ID,CONVERSATION_ID,DATE_SENT,DATE_DELIVERED) values (643,'ko e',1,null,2,21,to_date('25-01-2017 10:00:21','DD-MM-YYYY HH24:MI:SS'),null);
Insert into TSS.MESSAGE (MESSAGE_ID,MESS_BODY,STATUS,MESS_TYPE,FROM_USER_ID,CONVERSATION_ID,DATE_SENT,DATE_DELIVERED) values (644,'chat lai xem',1,null,2,21,to_date('25-01-2017 10:00:30','DD-MM-YYYY HH24:MI:SS'),null);
Insert into TSS.MESSAGE (MESSAGE_ID,MESS_BODY,STATUS,MESS_TYPE,FROM_USER_ID,CONVERSATION_ID,DATE_SENT,DATE_DELIVERED) values (645,'có mà chj',1,null,1,21,to_date('25-01-2017 10:00:32','DD-MM-YYYY HH24:MI:SS'),null);
Insert into TSS.MESSAGE (MESSAGE_ID,MESS_BODY,STATUS,MESS_TYPE,FROM_USER_ID,CONVERSATION_ID,DATE_SENT,DATE_DELIVERED) values (646,'th?y nó hi?n lên ko\',1,null,1,21,to_date('25-01-2017 10:00:36','DD-MM-YYYY HH24:MI:SS'),null);
Insert into TSS.MESSAGE (MESSAGE_ID,MESS_BODY,STATUS,MESS_TYPE,FROM_USER_ID,CONVERSATION_ID,DATE_SENT,DATE_DELIVERED) values (647,'SELECT N.* 
FROM PAYCHECK_NEXTPAYMENT N
  JOIN PAYCHECK_CONTRACT C ON C.SKP_CONTRACT = N.SKP_CONTRACT
WHERE 1 = 1
  AND C.CONTRACT_NUMBER = ''3417290811''
  --AND N.OUT_DEBT > 0
;',1,null,1,21,to_date('25-01-2017 10:38:20','DD-MM-YYYY HH24:MI:SS'),null);
Insert into TSS.MESSAGE (MESSAGE_ID,MESS_BODY,STATUS,MESS_TYPE,FROM_USER_ID,CONVERSATION_ID,DATE_SENT,DATE_DELIVERED) values (648,'select contract_id
  , DUE_DATE_OF_NEXT_INS
  , TOTAL_DEBT
  , TOTAL_DEBT_ON_PENALTIES
  , NEXT_INSTALLMENT_AMOUNT
from OWNER_INT.VH_HOM_DEBT_CATALOGUE
where contract_id=335943700
;',1,null,1,21,to_date('25-01-2017 10:39:01','DD-MM-YYYY HH24:MI:SS'),null);
Insert into TSS.MESSAGE (MESSAGE_ID,MESS_BODY,STATUS,MESS_TYPE,FROM_USER_ID,CONVERSATION_ID,DATE_SENT,DATE_DELIVERED) values (649,'select contract_id
  , DUE_DATE_OF_NEXT_INS
  , TOTAL_DEBT
  , TOTAL_DEBT_ON_PENALTIES
  , NEXT_INSTALLMENT_AMOUNT
from OWNER_INT.VH_HOM_DEBT_CATALOGUE
where contract_id=1441141319
;',1,null,1,21,to_date('25-01-2017 10:47:25','DD-MM-YYYY HH24:MI:SS'),null);
Insert into TSS.MESSAGE (MESSAGE_ID,MESS_BODY,STATUS,MESS_TYPE,FROM_USER_ID,CONVERSATION_ID,DATE_SENT,DATE_DELIVERED) values (650,'SELECT C.CONTRACT_NUMBER, N.* 
FROM PAYCHECK_NEXTPAYMENT N
  JOIN PAYCHECK_CONTRACT C ON C.SKP_CONTRACT = N.SKP_CONTRACT
WHERE 1 = 1
  AND C.CONTRACT_NUMBER = ''3534563065''
  --AND N.OUT_DEBT > 0
;',1,null,1,21,to_date('25-01-2017 10:47:44','DD-MM-YYYY HH24:MI:SS'),null);
Insert into TSS.MESSAGE (MESSAGE_ID,MESS_BODY,STATUS,MESS_TYPE,FROM_USER_ID,CONVERSATION_ID,DATE_SENT,DATE_DELIVERED) values (651,'doi ti nhe, de check cai'' dk cho e',1,null,2,21,to_date('25-01-2017 10:48:44','DD-MM-YYYY HH24:MI:SS'),null);
Insert into TSS.MESSAGE (MESSAGE_ID,MESS_BODY,STATUS,MESS_TYPE,FROM_USER_ID,CONVERSATION_ID,DATE_SENT,DATE_DELIVERED) values (652,'ok chi',1,null,1,21,to_date('25-01-2017 10:49:58','DD-MM-YYYY HH24:MI:SS'),null);
Insert into TSS.MESSAGE (MESSAGE_ID,MESS_BODY,STATUS,MESS_TYPE,FROM_USER_ID,CONVERSATION_ID,DATE_SENT,DATE_DELIVERED) values (21,'568 568568',1,null,3,1,to_date('23-01-2017 03:25:41','DD-MM-YYYY HH24:MI:SS'),null);
Insert into TSS.MESSAGE (MESSAGE_ID,MESS_BODY,STATUS,MESS_TYPE,FROM_USER_ID,CONVERSATION_ID,DATE_SENT,DATE_DELIVERED) values (22,'568568568',1,null,3,1,to_date('23-01-2017 03:25:46','DD-MM-YYYY HH24:MI:SS'),null);
Insert into TSS.MESSAGE (MESSAGE_ID,MESS_BODY,STATUS,MESS_TYPE,FROM_USER_ID,CONVERSATION_ID,DATE_SENT,DATE_DELIVERED) values (23,'tityit',1,null,3,1,to_date('23-01-2017 03:25:49','DD-MM-YYYY HH24:MI:SS'),null);
Insert into TSS.MESSAGE (MESSAGE_ID,MESS_BODY,STATUS,MESS_TYPE,FROM_USER_ID,CONVERSATION_ID,DATE_SENT,DATE_DELIVERED) values (27,'457547',1,null,3,1,to_date('23-01-2017 05:15:24','DD-MM-YYYY HH24:MI:SS'),null);
Insert into TSS.MESSAGE (MESSAGE_ID,MESS_BODY,STATUS,MESS_TYPE,FROM_USER_ID,CONVERSATION_ID,DATE_SENT,DATE_DELIVERED) values (28,'ola',1,null,3,1,to_date('23-01-2017 07:10:36','DD-MM-YYYY HH24:MI:SS'),null);
Insert into TSS.MESSAGE (MESSAGE_ID,MESS_BODY,STATUS,MESS_TYPE,FROM_USER_ID,CONVERSATION_ID,DATE_SENT,DATE_DELIVERED) values (29,'ALO',1,null,1,1,to_date('23-01-2017 07:12:15','DD-MM-YYYY HH24:MI:SS'),null);
Insert into TSS.MESSAGE (MESSAGE_ID,MESS_BODY,STATUS,MESS_TYPE,FROM_USER_ID,CONVERSATION_ID,DATE_SENT,DATE_DELIVERED) values (30,'Tài khoan này khác htruoc ha anh',1,null,3,1,to_date('23-01-2017 07:14:53','DD-MM-YYYY HH24:MI:SS'),null);
Insert into TSS.MESSAGE (MESSAGE_ID,MESS_BODY,STATUS,MESS_TYPE,FROM_USER_ID,CONVERSATION_ID,DATE_SENT,DATE_DELIVERED) values (31,'anh ko t?o cho em m?t kh?u nào d? h?n ???c h??',1,null,3,1,to_date('23-01-2017 07:15:10','DD-MM-YYYY HH24:MI:SS'),null);
Insert into TSS.MESSAGE (MESSAGE_ID,MESS_BODY,STATUS,MESS_TYPE,FROM_USER_ID,CONVERSATION_ID,DATE_SENT,DATE_DELIVERED) values (32,'tr?i',1,null,1,1,to_date('23-01-2017 08:03:03','DD-MM-YYYY HH24:MI:SS'),null);
Insert into TSS.MESSAGE (MESSAGE_ID,MESS_BODY,STATUS,MESS_TYPE,FROM_USER_ID,CONVERSATION_ID,DATE_SENT,DATE_DELIVERED) values (33,'m?t kh?u 3 ký t? gàn nhau cho d? gõ còn mu?n gì n?a',1,null,1,1,to_date('23-01-2017 08:03:15','DD-MM-YYYY HH24:MI:SS'),null);
Insert into TSS.MESSAGE (MESSAGE_ID,MESS_BODY,STATUS,MESS_TYPE,FROM_USER_ID,CONVERSATION_ID,DATE_SENT,DATE_DELIVERED) values (34,'nãy gi? b?n quá',1,null,1,1,to_date('23-01-2017 08:03:36','DD-MM-YYYY HH24:MI:SS'),null);
Insert into TSS.MESSAGE (MESSAGE_ID,MESS_BODY,STATUS,MESS_TYPE,FROM_USER_ID,CONVERSATION_ID,DATE_SENT,DATE_DELIVERED) values (35,'h? th?ng chuy?n ti?n qua bên ngân hàng 
b? l?i',1,null,1,1,to_date('23-01-2017 08:03:46','DD-MM-YYYY HH24:MI:SS'),null);
Insert into TSS.MESSAGE (MESSAGE_ID,MESS_BODY,STATUS,MESS_TYPE,FROM_USER_ID,CONVERSATION_ID,DATE_SENT,DATE_DELIVERED) values (36,'hic',1,null,1,1,to_date('23-01-2017 08:03:50','DD-MM-YYYY HH24:MI:SS'),null);
Insert into TSS.MESSAGE (MESSAGE_ID,MESS_BODY,STATUS,MESS_TYPE,FROM_USER_ID,CONVERSATION_ID,DATE_SENT,DATE_DELIVERED) values (37,'r?i fix l?i ???c ch?a anh',1,null,3,1,to_date('23-01-2017 08:08:46','DD-MM-YYYY HH24:MI:SS'),null);
Insert into TSS.MESSAGE (MESSAGE_ID,MESS_BODY,STATUS,MESS_TYPE,FROM_USER_ID,CONVERSATION_ID,DATE_SENT,DATE_DELIVERED) values (38,'ph?n a xong r?i\',1,null,1,1,to_date('23-01-2017 08:09:19','DD-MM-YYYY HH24:MI:SS'),null);
Insert into TSS.MESSAGE (MESSAGE_ID,MESS_BODY,STATUS,MESS_TYPE,FROM_USER_ID,CONVERSATION_ID,DATE_SENT,DATE_DELIVERED) values (39,'tr?a có nghe C&B nói',1,null,3,1,to_date('23-01-2017 08:09:31','DD-MM-YYYY HH24:MI:SS'),null);
Insert into TSS.MESSAGE (MESSAGE_ID,MESS_BODY,STATUS,MESS_TYPE,FROM_USER_ID,CONVERSATION_ID,DATE_SENT,DATE_DELIVERED) values (40,'do h? th?ng bên anh Kha qu?n lý',1,null,1,1,to_date('23-01-2017 08:09:34','DD-MM-YYYY HH24:MI:SS'),null);
Insert into TSS.MESSAGE (MESSAGE_ID,MESS_BODY,STATUS,MESS_TYPE,FROM_USER_ID,CONVERSATION_ID,DATE_SENT,DATE_DELIVERED) values (41,'m?i nâng c?p h? thông sáng nay, và bên ngân hàng n?a',1,null,1,1,to_date('23-01-2017 08:09:48','DD-MM-YYYY HH24:MI:SS'),null);
Insert into TSS.MESSAGE (MESSAGE_ID,MESS_BODY,STATUS,MESS_TYPE,FROM_USER_ID,CONVERSATION_ID,DATE_SENT,DATE_DELIVERED) values (42,'mà có ph??ng án thay th? rùi mà',1,null,3,1,to_date('23-01-2017 08:10:00','DD-MM-YYYY HH24:MI:SS'),null);
Insert into TSS.MESSAGE (MESSAGE_ID,MESS_BODY,STATUS,MESS_TYPE,FROM_USER_ID,CONVERSATION_ID,DATE_SENT,DATE_DELIVERED) values (43,'nên h? yêu c?u ph?n m?m bên anh xu?t l?i l?nh ?i ti?n',1,null,1,1,to_date('23-01-2017 08:10:00','DD-MM-YYYY HH24:MI:SS'),null);
Insert into TSS.MESSAGE (MESSAGE_ID,MESS_BODY,STATUS,MESS_TYPE,FROM_USER_ID,CONVERSATION_ID,DATE_SENT,DATE_DELIVERED) values (44,'l??ng ?i vèo vèo rùi mà',1,null,3,1,to_date('23-01-2017 08:10:08','DD-MM-YYYY HH24:MI:SS'),null);
Insert into TSS.MESSAGE (MESSAGE_ID,MESS_BODY,STATUS,MESS_TYPE,FROM_USER_ID,CONVERSATION_ID,DATE_SENT,DATE_DELIVERED) values (45,'C&B ?âu liên quan',1,null,1,1,to_date('23-01-2017 08:10:09','DD-MM-YYYY HH24:MI:SS'),null);
Insert into TSS.MESSAGE (MESSAGE_ID,MESS_BODY,STATUS,MESS_TYPE,FROM_USER_ID,CONVERSATION_ID,DATE_SENT,DATE_DELIVERED) values (46,'ko',1,null,1,1,to_date('23-01-2017 08:10:10','DD-MM-YYYY HH24:MI:SS'),null);
Insert into TSS.MESSAGE (MESSAGE_ID,MESS_BODY,STATUS,MESS_TYPE,FROM_USER_ID,CONVERSATION_ID,DATE_SENT,DATE_DELIVERED) values (47,'?ay là gi?i ngân ti?n vay cho khách hàng',1,null,1,1,to_date('23-01-2017 08:10:19','DD-MM-YYYY HH24:MI:SS'),null);
Insert into TSS.MESSAGE (MESSAGE_ID,MESS_BODY,STATUS,MESS_TYPE,FROM_USER_ID,CONVERSATION_ID,DATE_SENT,DATE_DELIVERED) values (48,'à',1,null,3,1,to_date('23-01-2017 08:11:02','DD-MM-YYYY HH24:MI:SS'),null);
Insert into TSS.MESSAGE (MESSAGE_ID,MESS_BODY,STATUS,MESS_TYPE,FROM_USER_ID,CONVERSATION_ID,DATE_SENT,DATE_DELIVERED) values (49,'bên c&b có 1 s? cái liên quan',1,null,3,1,to_date('23-01-2017 08:11:15','DD-MM-YYYY HH24:MI:SS'),null);
Insert into TSS.MESSAGE (MESSAGE_ID,MESS_BODY,STATUS,MESS_TYPE,FROM_USER_ID,CONVERSATION_ID,DATE_SENT,DATE_DELIVERED) values (50,'ph?n chuy?n l??ng cho nhân viên mình á',1,null,3,1,to_date('23-01-2017 08:11:34','DD-MM-YYYY HH24:MI:SS'),null);
Insert into TSS.MESSAGE (MESSAGE_ID,MESS_BODY,STATUS,MESS_TYPE,FROM_USER_ID,CONVERSATION_ID,DATE_SENT,DATE_DELIVERED) values (51,'ko lien quan em',1,null,1,1,to_date('23-01-2017 08:12:17','DD-MM-YYYY HH24:MI:SS'),null);
Insert into TSS.MESSAGE (MESSAGE_ID,MESS_BODY,STATUS,MESS_TYPE,FROM_USER_ID,CONVERSATION_ID,DATE_SENT,DATE_DELIVERED) values (52,':D',1,null,1,1,to_date('23-01-2017 08:12:18','DD-MM-YYYY HH24:MI:SS'),null);
Insert into TSS.MESSAGE (MESSAGE_ID,MESS_BODY,STATUS,MESS_TYPE,FROM_USER_ID,CONVERSATION_ID,DATE_SENT,DATE_DELIVERED) values (53,'liên quan t?i khách hàng',1,null,1,1,to_date('23-01-2017 08:12:32','DD-MM-YYYY HH24:MI:SS'),null);
Insert into TSS.MESSAGE (MESSAGE_ID,MESS_BODY,STATUS,MESS_TYPE,FROM_USER_ID,CONVERSATION_ID,DATE_SENT,DATE_DELIVERED) values (54,'mà có liên quan ko mình b? qua ?i',1,null,3,1,to_date('23-01-2017 08:12:37','DD-MM-YYYY HH24:MI:SS'),null);
Insert into TSS.MESSAGE (MESSAGE_ID,MESS_BODY,STATUS,MESS_TYPE,FROM_USER_ID,CONVERSATION_ID,DATE_SENT,DATE_DELIVERED) values (55,'bàn chi cho nh?c ??u',1,null,3,1,to_date('23-01-2017 08:12:49','DD-MM-YYYY HH24:MI:SS'),null);
Insert into TSS.MESSAGE (MESSAGE_ID,MESS_BODY,STATUS,MESS_TYPE,FROM_USER_ID,CONVERSATION_ID,DATE_SENT,DATE_DELIVERED) values (56,'bên ?ây sao ko có bi?u t??ng v?y anh',1,null,3,1,to_date('23-01-2017 08:13:16','DD-MM-YYYY HH24:MI:SS'),null);
Insert into TSS.MESSAGE (MESSAGE_ID,MESS_BODY,STATUS,MESS_TYPE,FROM_USER_ID,CONVERSATION_ID,DATE_SENT,DATE_DELIVERED) values (57,'anh làm thêm bi?u t??ng ?i',1,null,3,1,to_date('23-01-2017 08:13:26','DD-MM-YYYY HH24:MI:SS'),null);
Insert into TSS.MESSAGE (MESSAGE_ID,MESS_BODY,STATUS,MESS_TYPE,FROM_USER_ID,CONVERSATION_ID,DATE_SENT,DATE_DELIVERED) values (58,'?, ?? nâng c?p t? t? ch?',1,null,1,1,to_date('23-01-2017 08:15:31','DD-MM-YYYY HH24:MI:SS'),null);
Insert into TSS.MESSAGE (MESSAGE_ID,MESS_BODY,STATUS,MESS_TYPE,FROM_USER_ID,CONVERSATION_ID,DATE_SENT,DATE_DELIVERED) values (59,'chat dc cái ?ã',1,null,1,1,to_date('23-01-2017 08:15:34','DD-MM-YYYY HH24:MI:SS'),null);
Insert into TSS.MESSAGE (MESSAGE_ID,MESS_BODY,STATUS,MESS_TYPE,FROM_USER_ID,CONVERSATION_ID,DATE_SENT,DATE_DELIVERED) values (60,'mà anh làm xong ch?a',1,null,3,1,to_date('23-01-2017 08:16:29','DD-MM-YYYY HH24:MI:SS'),null);
Insert into TSS.MESSAGE (MESSAGE_ID,MESS_BODY,STATUS,MESS_TYPE,FROM_USER_ID,CONVERSATION_ID,DATE_SENT,DATE_DELIVERED) values (61,'t?i giai ?o?n nào rùi',1,null,3,1,to_date('23-01-2017 08:16:36','DD-MM-YYYY HH24:MI:SS'),null);
Insert into TSS.MESSAGE (MESSAGE_ID,MESS_BODY,STATUS,MESS_TYPE,FROM_USER_ID,CONVERSATION_ID,DATE_SENT,DATE_DELIVERED) values (62,'nh? cho em ?? avarta n?a nha!',1,null,3,1,to_date('23-01-2017 08:17:14','DD-MM-YYYY HH24:MI:SS'),null);
Insert into TSS.MESSAGE (MESSAGE_ID,MESS_BODY,STATUS,MESS_TYPE,FROM_USER_ID,CONVERSATION_ID,DATE_SENT,DATE_DELIVERED) values (63,'thì t?i giai ?o?n e mà e thây ?ó, chat dc',1,null,1,1,to_date('23-01-2017 08:17:44','DD-MM-YYYY HH24:MI:SS'),null);
Insert into TSS.MESSAGE (MESSAGE_ID,MESS_BODY,STATUS,MESS_TYPE,FROM_USER_ID,CONVERSATION_ID,DATE_SENT,DATE_DELIVERED) values (64,'ý em là ?i ???c bao nhiêu ph?n tr?m c?a ?o?n ???ng r?i',1,null,3,1,to_date('23-01-2017 08:18:36','DD-MM-YYYY HH24:MI:SS'),null);
Insert into TSS.MESSAGE (MESSAGE_ID,MESS_BODY,STATUS,MESS_TYPE,FROM_USER_ID,CONVERSATION_ID,DATE_SENT,DATE_DELIVERED) values (65,'?, biêt r?i :D',1,null,1,1,to_date('23-01-2017 08:18:37','DD-MM-YYYY HH24:MI:SS'),null);
Insert into TSS.MESSAGE (MESSAGE_ID,MESS_BODY,STATUS,MESS_TYPE,FROM_USER_ID,CONVERSATION_ID,DATE_SENT,DATE_DELIVERED) values (66,'em ch? lo anh nhi?u vi?c thôi',1,null,3,1,to_date('23-01-2017 08:18:44','DD-MM-YYYY HH24:MI:SS'),null);
Insert into TSS.MESSAGE (MESSAGE_ID,MESS_BODY,STATUS,MESS_TYPE,FROM_USER_ID,CONVERSATION_ID,DATE_SENT,DATE_DELIVERED) values (67,'mà anh tr? l?i th?y ghét',1,null,3,1,to_date('23-01-2017 08:18:51','DD-MM-YYYY HH24:MI:SS'),null);
Insert into TSS.MESSAGE (MESSAGE_ID,MESS_BODY,STATUS,MESS_TYPE,FROM_USER_ID,CONVERSATION_ID,DATE_SENT,DATE_DELIVERED) values (68,'n?u ch? ?? chat dc thì 100% r?i',1,null,1,1,to_date('23-01-2017 08:18:53','DD-MM-YYYY HH24:MI:SS'),null);
Insert into TSS.MESSAGE (MESSAGE_ID,MESS_BODY,STATUS,MESS_TYPE,FROM_USER_ID,CONVERSATION_ID,DATE_SENT,DATE_DELIVERED) values (69,'xía',1,null,3,1,to_date('23-01-2017 08:18:53','DD-MM-YYYY HH24:MI:SS'),null);
Insert into TSS.MESSAGE (MESSAGE_ID,MESS_BODY,STATUS,MESS_TYPE,FROM_USER_ID,CONVERSATION_ID,DATE_SENT,DATE_DELIVERED) values (70,'haha',1,null,1,1,to_date('23-01-2017 08:18:54','DD-MM-YYYY HH24:MI:SS'),null);
Insert into TSS.MESSAGE (MESSAGE_ID,MESS_BODY,STATUS,MESS_TYPE,FROM_USER_ID,CONVERSATION_ID,DATE_SENT,DATE_DELIVERED) values (71,'thì nhi?u vi?c mà',1,null,1,1,to_date('23-01-2017 08:19:25','DD-MM-YYYY HH24:MI:SS'),null);
Insert into TSS.MESSAGE (MESSAGE_ID,MESS_BODY,STATUS,MESS_TYPE,FROM_USER_ID,CONVERSATION_ID,DATE_SENT,DATE_DELIVERED) values (72,'nên dâu có làm cái này nhanh dc ?au',1,null,1,1,to_date('23-01-2017 08:19:33','DD-MM-YYYY HH24:MI:SS'),null);
Insert into TSS.MESSAGE (MESSAGE_ID,MESS_BODY,STATUS,MESS_TYPE,FROM_USER_ID,CONVERSATION_ID,DATE_SENT,DATE_DELIVERED) values (73,':D',1,null,1,1,to_date('23-01-2017 08:19:34','DD-MM-YYYY HH24:MI:SS'),null);
Insert into TSS.MESSAGE (MESSAGE_ID,MESS_BODY,STATUS,MESS_TYPE,FROM_USER_ID,CONVERSATION_ID,DATE_SENT,DATE_DELIVERED) values (74,'ko thèm h?i t?i n?a',1,null,3,1,to_date('23-01-2017 08:20:25','DD-MM-YYYY HH24:MI:SS'),null);
Insert into TSS.MESSAGE (MESSAGE_ID,MESS_BODY,STATUS,MESS_TYPE,FROM_USER_ID,CONVERSATION_ID,DATE_SENT,DATE_DELIVERED) values (75,'k? anh',1,null,3,1,to_date('23-01-2017 08:20:27','DD-MM-YYYY HH24:MI:SS'),null);
Insert into TSS.MESSAGE (MESSAGE_ID,MESS_BODY,STATUS,MESS_TYPE,FROM_USER_ID,CONVERSATION_ID,DATE_SENT,DATE_DELIVERED) values (76,'?ói ko em',1,null,1,1,to_date('23-01-2017 08:23:38','DD-MM-YYYY HH24:MI:SS'),null);
Insert into TSS.MESSAGE (MESSAGE_ID,MESS_BODY,STATUS,MESS_TYPE,FROM_USER_ID,CONVERSATION_ID,DATE_SENT,DATE_DELIVERED) values (77,':D',1,null,1,1,to_date('23-01-2017 08:23:39','DD-MM-YYYY HH24:MI:SS'),null);
Insert into TSS.MESSAGE (MESSAGE_ID,MESS_BODY,STATUS,MESS_TYPE,FROM_USER_ID,CONVERSATION_ID,DATE_SENT,DATE_DELIVERED) values (78,'em refresh l?i trang chat nha',1,null,1,1,to_date('23-01-2017 08:24:36','DD-MM-YYYY HH24:MI:SS'),null);
Insert into TSS.MESSAGE (MESSAGE_ID,MESS_BODY,STATUS,MESS_TYPE,FROM_USER_ID,CONVERSATION_ID,DATE_SENT,DATE_DELIVERED) values (79,'alo',1,null,1,1,to_date('23-01-2017 08:25:58','DD-MM-YYYY HH24:MI:SS'),null);
Insert into TSS.MESSAGE (MESSAGE_ID,MESS_BODY,STATUS,MESS_TYPE,FROM_USER_ID,CONVERSATION_ID,DATE_SENT,DATE_DELIVERED) values (80,'da',1,null,3,1,to_date('23-01-2017 08:27:41','DD-MM-YYYY HH24:MI:SS'),null);
Insert into TSS.MESSAGE (MESSAGE_ID,MESS_BODY,STATUS,MESS_TYPE,FROM_USER_ID,CONVERSATION_ID,DATE_SENT,DATE_DELIVERED) values (81,'?a anh',1,null,3,1,to_date('23-01-2017 08:28:03','DD-MM-YYYY HH24:MI:SS'),null);
Insert into TSS.MESSAGE (MESSAGE_ID,MESS_BODY,STATUS,MESS_TYPE,FROM_USER_ID,CONVERSATION_ID,DATE_SENT,DATE_DELIVERED) values (82,'refresh l?i là m?t h?t n?i dung c? h??',1,null,3,1,to_date('23-01-2017 08:28:20','DD-MM-YYYY HH24:MI:SS'),null);
Insert into TSS.MESSAGE (MESSAGE_ID,MESS_BODY,STATUS,MESS_TYPE,FROM_USER_ID,CONVERSATION_ID,DATE_SENT,DATE_DELIVERED) values (83,'uhm, anh chuaw làm tính n?ng load l?i tn c?',1,null,1,1,to_date('23-01-2017 08:33:49','DD-MM-YYYY HH24:MI:SS'),null);
Insert into TSS.MESSAGE (MESSAGE_ID,MESS_BODY,STATUS,MESS_TYPE,FROM_USER_ID,CONVERSATION_ID,DATE_SENT,DATE_DELIVERED) values (84,'anh làm ?i',1,null,3,1,to_date('23-01-2017 08:34:32','DD-MM-YYYY HH24:MI:SS'),null);
Insert into TSS.MESSAGE (MESSAGE_ID,MESS_BODY,STATUS,MESS_TYPE,FROM_USER_ID,CONVERSATION_ID,DATE_SENT,DATE_DELIVERED) values (85,'t? t? ch?',1,null,1,1,to_date('23-01-2017 08:35:38','DD-MM-YYYY HH24:MI:SS'),null);
Insert into TSS.MESSAGE (MESSAGE_ID,MESS_BODY,STATUS,MESS_TYPE,FROM_USER_ID,CONVERSATION_ID,DATE_SENT,DATE_DELIVERED) values (86,'chat dc v?i e là m?ng r?i',1,null,1,1,to_date('23-01-2017 08:35:42','DD-MM-YYYY HH24:MI:SS'),null);
Insert into TSS.MESSAGE (MESSAGE_ID,MESS_BODY,STATUS,MESS_TYPE,FROM_USER_ID,CONVERSATION_ID,DATE_SENT,DATE_DELIVERED) values (87,'còn nhi?u task dang ch?y nè',1,null,1,1,to_date('23-01-2017 08:35:50','DD-MM-YYYY HH24:MI:SS'),null);
Insert into TSS.MESSAGE (MESSAGE_ID,MESS_BODY,STATUS,MESS_TYPE,FROM_USER_ID,CONVERSATION_ID,DATE_SENT,DATE_DELIVERED) values (88,'ý em là anh t? t? mà làm',1,null,3,1,to_date('23-01-2017 08:36:22','DD-MM-YYYY HH24:MI:SS'),null);
Insert into TSS.MESSAGE (MESSAGE_ID,MESS_BODY,STATUS,MESS_TYPE,FROM_USER_ID,CONVERSATION_ID,DATE_SENT,DATE_DELIVERED) values (89,'hehe',1,null,3,1,to_date('23-01-2017 08:36:29','DD-MM-YYYY HH24:MI:SS'),null);
Insert into TSS.MESSAGE (MESSAGE_ID,MESS_BODY,STATUS,MESS_TYPE,FROM_USER_ID,CONVERSATION_ID,DATE_SENT,DATE_DELIVERED) values (90,'có ai kêu làm li?n ?âu',1,null,3,1,to_date('23-01-2017 08:36:38','DD-MM-YYYY HH24:MI:SS'),null);
Insert into TSS.MESSAGE (MESSAGE_ID,MESS_BODY,STATUS,MESS_TYPE,FROM_USER_ID,CONVERSATION_ID,DATE_SENT,DATE_DELIVERED) values (91,'nay h?i có ?ói ko mà ko th?y tl',1,null,1,1,to_date('23-01-2017 08:38:15','DD-MM-YYYY HH24:MI:SS'),null);
Insert into TSS.MESSAGE (MESSAGE_ID,MESS_BODY,STATUS,MESS_TYPE,FROM_USER_ID,CONVERSATION_ID,DATE_SENT,DATE_DELIVERED) values (92,'ch?c ko ?ói',1,null,1,1,to_date('23-01-2017 08:38:18','DD-MM-YYYY HH24:MI:SS'),null);
Insert into TSS.MESSAGE (MESSAGE_ID,MESS_BODY,STATUS,MESS_TYPE,FROM_USER_ID,CONVERSATION_ID,DATE_SENT,DATE_DELIVERED) values (93,'haha',1,null,3,1,to_date('23-01-2017 08:46:57','DD-MM-YYYY HH24:MI:SS'),null);
Insert into TSS.MESSAGE (MESSAGE_ID,MESS_BODY,STATUS,MESS_TYPE,FROM_USER_ID,CONVERSATION_ID,DATE_SENT,DATE_DELIVERED) values (94,'nghi sao ko cho nh? nói dc câu nào',1,null,3,1,to_date('23-01-2017 08:47:10','DD-MM-YYYY HH24:MI:SS'),null);
Insert into TSS.MESSAGE (MESSAGE_ID,MESS_BODY,STATUS,MESS_TYPE,FROM_USER_ID,CONVERSATION_ID,DATE_SENT,DATE_DELIVERED) values (95,'m?i b? kêu qua ch? s?p',1,null,3,1,to_date('23-01-2017 08:47:18','DD-MM-YYYY HH24:MI:SS'),null);
Insert into TSS.MESSAGE (MESSAGE_ID,MESS_BODY,STATUS,MESS_TYPE,FROM_USER_ID,CONVERSATION_ID,DATE_SENT,DATE_DELIVERED) values (96,'vay har',1,null,1,1,to_date('23-01-2017 08:47:37','DD-MM-YYYY HH24:MI:SS'),null);
Insert into TSS.MESSAGE (MESSAGE_ID,MESS_BODY,STATUS,MESS_TYPE,FROM_USER_ID,CONVERSATION_ID,DATE_SENT,DATE_DELIVERED) values (97,':D',1,null,1,1,to_date('23-01-2017 08:47:39','DD-MM-YYYY HH24:MI:SS'),null);
Insert into TSS.MESSAGE (MESSAGE_ID,MESS_BODY,STATUS,MESS_TYPE,FROM_USER_ID,CONVERSATION_ID,DATE_SENT,DATE_DELIVERED) values (98,'anh mua ?? ?n cho em hay mua s?n r?i',1,null,3,1,to_date('23-01-2017 08:47:46','DD-MM-YYYY HH24:MI:SS'),null);
Insert into TSS.MESSAGE (MESSAGE_ID,MESS_BODY,STATUS,MESS_TYPE,FROM_USER_ID,CONVERSATION_ID,DATE_SENT,DATE_DELIVERED) values (99,'mua s?n thì ?n, còn ?i mua thì thôi, ?? anh làm vi?c',1,null,3,1,to_date('23-01-2017 08:48:13','DD-MM-YYYY HH24:MI:SS'),null);
Insert into TSS.MESSAGE (MESSAGE_ID,MESS_BODY,STATUS,MESS_TYPE,FROM_USER_ID,CONVERSATION_ID,DATE_SENT,DATE_DELIVERED) values (100,'r?i anh ?âu r?i',1,null,3,1,to_date('23-01-2017 08:55:33','DD-MM-YYYY HH24:MI:SS'),null);
Insert into TSS.MESSAGE (MESSAGE_ID,MESS_BODY,STATUS,MESS_TYPE,FROM_USER_ID,CONVERSATION_ID,DATE_SENT,DATE_DELIVERED) values (101,'h?i ng??i ta ?ã m?t tiêu là xao?',1,null,3,1,to_date('23-01-2017 08:55:44','DD-MM-YYYY HH24:MI:SS'),null);
Insert into TSS.MESSAGE (MESSAGE_ID,MESS_BODY,STATUS,MESS_TYPE,FROM_USER_ID,CONVERSATION_ID,DATE_SENT,DATE_DELIVERED) values (102,'có chu?i nè',1,null,1,1,to_date('23-01-2017 09:00:05','DD-MM-YYYY HH24:MI:SS'),null);
Insert into TSS.MESSAGE (MESSAGE_ID,MESS_BODY,STATUS,MESS_TYPE,FROM_USER_ID,CONVERSATION_ID,DATE_SENT,DATE_DELIVERED) values (103,'?n ko',1,null,1,1,to_date('23-01-2017 09:00:07','DD-MM-YYYY HH24:MI:SS'),null);
Insert into TSS.MESSAGE (MESSAGE_ID,MESS_BODY,STATUS,MESS_TYPE,FROM_USER_ID,CONVERSATION_ID,DATE_SENT,DATE_DELIVERED) values (104,'chu?i t??i hay bánh chu?i',1,null,3,1,to_date('23-01-2017 09:01:30','DD-MM-YYYY HH24:MI:SS'),null);
Insert into TSS.MESSAGE (MESSAGE_ID,MESS_BODY,STATUS,MESS_TYPE,FROM_USER_ID,CONVERSATION_ID,DATE_SENT,DATE_DELIVERED) values (105,'mà túm l?i là ?n',1,null,3,1,to_date('23-01-2017 09:01:37','DD-MM-YYYY HH24:MI:SS'),null);
Insert into TSS.MESSAGE (MESSAGE_ID,MESS_BODY,STATUS,MESS_TYPE,FROM_USER_ID,CONVERSATION_ID,DATE_SENT,DATE_DELIVERED) values (106,'chuân b? ra nh?n',1,null,1,1,to_date('23-01-2017 09:19:39','DD-MM-YYYY HH24:MI:SS'),null);
Insert into TSS.MESSAGE (MESSAGE_ID,MESS_BODY,STATUS,MESS_TYPE,FROM_USER_ID,CONVERSATION_ID,DATE_SENT,DATE_DELIVERED) values (107,'chu?i dài',1,null,1,1,to_date('23-01-2017 09:19:43','DD-MM-YYYY HH24:MI:SS'),null);
Insert into TSS.MESSAGE (MESSAGE_ID,MESS_BODY,STATUS,MESS_TYPE,FROM_USER_ID,CONVERSATION_ID,DATE_SENT,DATE_DELIVERED) values (108,'em m?i xong',1,null,3,1,to_date('23-01-2017 09:52:41','DD-MM-YYYY HH24:MI:SS'),null);
Insert into TSS.MESSAGE (MESSAGE_ID,MESS_BODY,STATUS,MESS_TYPE,FROM_USER_ID,CONVERSATION_ID,DATE_SENT,DATE_DELIVERED) values (109,'hnay style 2 ??a mình g?n gi?ng nhau nh?',1,null,3,1,to_date('23-01-2017 09:52:55','DD-MM-YYYY HH24:MI:SS'),null);
Insert into TSS.MESSAGE (MESSAGE_ID,MESS_BODY,STATUS,MESS_TYPE,FROM_USER_ID,CONVERSATION_ID,DATE_SENT,DATE_DELIVERED) values (110,'mà anh m?c áo h?i ch?t h??',1,null,3,1,to_date('23-01-2017 09:53:11','DD-MM-YYYY HH24:MI:SS'),null);
Insert into TSS.MESSAGE (MESSAGE_ID,MESS_BODY,STATUS,MESS_TYPE,FROM_USER_ID,CONVERSATION_ID,DATE_SENT,DATE_DELIVERED) values (111,'m?c v?a ng??i mà',1,null,1,1,to_date('23-01-2017 09:57:47','DD-MM-YYYY HH24:MI:SS'),null);
Insert into TSS.MESSAGE (MESSAGE_ID,MESS_BODY,STATUS,MESS_TYPE,FROM_USER_ID,CONVERSATION_ID,DATE_SENT,DATE_DELIVERED) values (112,'áo này m?c form chu?n ?ó',1,null,1,1,to_date('23-01-2017 09:57:52','DD-MM-YYYY HH24:MI:SS'),null);
Insert into TSS.MESSAGE (MESSAGE_ID,MESS_BODY,STATUS,MESS_TYPE,FROM_USER_ID,CONVERSATION_ID,DATE_SENT,DATE_DELIVERED) values (113,':D',1,null,1,1,to_date('23-01-2017 09:57:53','DD-MM-YYYY HH24:MI:SS'),null);
Insert into TSS.MESSAGE (MESSAGE_ID,MESS_BODY,STATUS,MESS_TYPE,FROM_USER_ID,CONVERSATION_ID,DATE_SENT,DATE_DELIVERED) values (114,'e th?y gaÀY H?',1,null,1,1,to_date('23-01-2017 09:58:00','DD-MM-YYYY HH24:MI:SS'),null);
Insert into TSS.MESSAGE (MESSAGE_ID,MESS_BODY,STATUS,MESS_TYPE,FROM_USER_ID,CONVERSATION_ID,DATE_SENT,DATE_DELIVERED) values (115,'em th?y h?i ch?t',1,null,3,1,to_date('23-01-2017 10:00:31','DD-MM-YYYY HH24:MI:SS'),null);
Insert into TSS.MESSAGE (MESSAGE_ID,MESS_BODY,STATUS,MESS_TYPE,FROM_USER_ID,CONVERSATION_ID,DATE_SENT,DATE_DELIVERED) values (116,'em s? anh m?c ch?t',1,null,3,1,to_date('23-01-2017 10:00:42','DD-MM-YYYY HH24:MI:SS'),null);
Insert into TSS.MESSAGE (MESSAGE_ID,MESS_BODY,STATUS,MESS_TYPE,FROM_USER_ID,CONVERSATION_ID,DATE_SENT,DATE_DELIVERED) values (117,'mà anh có th?y m?c tho?i mái ko',1,null,3,1,to_date('23-01-2017 10:01:40','DD-MM-YYYY HH24:MI:SS'),null);
Insert into TSS.MESSAGE (MESSAGE_ID,MESS_BODY,STATUS,MESS_TYPE,FROM_USER_ID,CONVERSATION_ID,DATE_SENT,DATE_DELIVERED) values (118,'anh th?y tho?i mái là dc',1,null,3,1,to_date('23-01-2017 10:01:50','DD-MM-YYYY HH24:MI:SS'),null);
Insert into TSS.MESSAGE (MESSAGE_ID,MESS_BODY,STATUS,MESS_TYPE,FROM_USER_ID,CONVERSATION_ID,DATE_SENT,DATE_DELIVERED) values (119,'?ang nói v? "m?c" ch? ko ph?i màu',1,null,3,1,to_date('23-01-2017 10:02:05','DD-MM-YYYY HH24:MI:SS'),null);
Insert into TSS.MESSAGE (MESSAGE_ID,MESS_BODY,STATUS,MESS_TYPE,FROM_USER_ID,CONVERSATION_ID,DATE_SENT,DATE_DELIVERED) values (120,'anh ghét màu ?en mà',1,null,3,1,to_date('23-01-2017 10:02:15','DD-MM-YYYY HH24:MI:SS'),null);
Insert into TSS.MESSAGE (MESSAGE_ID,MESS_BODY,STATUS,MESS_TYPE,FROM_USER_ID,CONVERSATION_ID,DATE_SENT,DATE_DELIVERED) values (121,'hic',1,null,3,1,to_date('23-01-2017 10:02:17','DD-MM-YYYY HH24:MI:SS'),null);
Insert into TSS.MESSAGE (MESSAGE_ID,MESS_BODY,STATUS,MESS_TYPE,FROM_USER_ID,CONVERSATION_ID,DATE_SENT,DATE_DELIVERED) values (122,'m?c tho?i mái mà',1,null,1,1,to_date('23-01-2017 10:04:29','DD-MM-YYYY HH24:MI:SS'),null);
Insert into TSS.MESSAGE (MESSAGE_ID,MESS_BODY,STATUS,MESS_TYPE,FROM_USER_ID,CONVERSATION_ID,DATE_SENT,DATE_DELIVERED) values (123,'ko ch?t ti nào\',1,null,1,1,to_date('23-01-2017 10:04:33','DD-MM-YYYY HH24:MI:SS'),null);
Insert into TSS.MESSAGE (MESSAGE_ID,MESS_BODY,STATUS,MESS_TYPE,FROM_USER_ID,CONVERSATION_ID,DATE_SENT,DATE_DELIVERED) values (124,'?âu ai nói màu gì ?âu',1,null,1,1,to_date('23-01-2017 10:04:50','DD-MM-YYYY HH24:MI:SS'),null);
Insert into TSS.MESSAGE (MESSAGE_ID,MESS_BODY,STATUS,MESS_TYPE,FROM_USER_ID,CONVERSATION_ID,DATE_SENT,DATE_DELIVERED) values (125,':D\',1,null,1,1,to_date('23-01-2017 10:04:51','DD-MM-YYYY HH24:MI:SS'),null);
Insert into TSS.MESSAGE (MESSAGE_ID,MESS_BODY,STATUS,MESS_TYPE,FROM_USER_ID,CONVERSATION_ID,DATE_SENT,DATE_DELIVERED) values (126,'b?a anh nói anh ko thích màu ?en',1,null,3,1,to_date('23-01-2017 10:15:53','DD-MM-YYYY HH24:MI:SS'),null);
Insert into TSS.MESSAGE (MESSAGE_ID,MESS_BODY,STATUS,MESS_TYPE,FROM_USER_ID,CONVERSATION_ID,DATE_SENT,DATE_DELIVERED) values (127,':((',1,null,3,1,to_date('23-01-2017 10:16:02','DD-MM-YYYY HH24:MI:SS'),null);
Insert into TSS.MESSAGE (MESSAGE_ID,MESS_BODY,STATUS,MESS_TYPE,FROM_USER_ID,CONVERSATION_ID,DATE_SENT,DATE_DELIVERED) values (128,'thì a ?âu có ??i ý l?i là a ko thích ?âu tr?i',1,null,1,1,to_date('23-01-2017 10:24:31','DD-MM-YYYY HH24:MI:SS'),null);
Insert into TSS.MESSAGE (MESSAGE_ID,MESS_BODY,STATUS,MESS_TYPE,FROM_USER_ID,CONVERSATION_ID,DATE_SENT,DATE_DELIVERED) values (129,'ý a là a ko ý ki?n gì v? màu s?c c?',1,null,1,1,to_date('23-01-2017 10:24:44','DD-MM-YYYY HH24:MI:SS'),null);
REM INSERTING into TSS.USER_AUTHEN
SET DEFINE OFF;
Insert into TSS.USER_AUTHEN (USER_ID,USERNAME,HASH_PASS,HASH_SALT,STATUS,LOGIN_TYPE,DATE_CREATED) values (1,'khanh.buidang','YntekDysRbvTmsLmKaVxgTXB76s=','As/qvKPIwap6HLoHqfVDJg==',1,0,to_date('20-01-2017 13:56:02','DD-MM-YYYY HH24:MI:SS'));
Insert into TSS.USER_AUTHEN (USER_ID,USERNAME,HASH_PASS,HASH_SALT,STATUS,LOGIN_TYPE,DATE_CREATED) values (2,'thao.dhn','/lOSYkbzHoLu/8S4HLvdulOY/rE=','sDvXE7KpxU3msMtzZHLoYg==',1,0,to_date('20-01-2017 14:01:24','DD-MM-YYYY HH24:MI:SS'));
Insert into TSS.USER_AUTHEN (USER_ID,USERNAME,HASH_PASS,HASH_SALT,STATUS,LOGIN_TYPE,DATE_CREATED) values (3,'duyen.dinh','CCCmZub7EpzNo5+iPWCiv5CRRi0=','BxT+gc9NbM1yJ3ckm6F6vw==',1,0,to_date('20-01-2017 14:02:07','DD-MM-YYYY HH24:MI:SS'));
Insert into TSS.USER_AUTHEN (USER_ID,USERNAME,HASH_PASS,HASH_SALT,STATUS,LOGIN_TYPE,DATE_CREATED) values (21,'kevinbui','YntekDysRbvTmsLmKaVxgTXB76s=','As/qvKPIwap6HLoHqfVDJg==',1,0,to_date('24-01-2017 14:04:14','DD-MM-YYYY HH24:MI:SS'));
Insert into TSS.USER_AUTHEN (USER_ID,USERNAME,HASH_PASS,HASH_SALT,STATUS,LOGIN_TYPE,DATE_CREATED) values (22,'maika','YntekDysRbvTmsLmKaVxgTXB76s=','As/qvKPIwap6HLoHqfVDJg==',1,0,to_date('24-01-2017 14:04:14','DD-MM-YYYY HH24:MI:SS'));
REM INSERTING into TSS.USER_CONV
SET DEFINE OFF;
Insert into TSS.USER_CONV (CONVERSATION_ID,USER_ID,STATUS,DATE_CREATED) values (1,1,1,to_date('20-01-2017 18:46:20','DD-MM-YYYY HH24:MI:SS'));
Insert into TSS.USER_CONV (CONVERSATION_ID,USER_ID,STATUS,DATE_CREATED) values (1,3,1,to_date('20-01-2017 18:46:20','DD-MM-YYYY HH24:MI:SS'));
Insert into TSS.USER_CONV (CONVERSATION_ID,USER_ID,STATUS,DATE_CREATED) values (21,1,1,to_date('23-01-2017 17:54:43','DD-MM-YYYY HH24:MI:SS'));
Insert into TSS.USER_CONV (CONVERSATION_ID,USER_ID,STATUS,DATE_CREATED) values (21,2,1,to_date('23-01-2017 17:54:43','DD-MM-YYYY HH24:MI:SS'));
Insert into TSS.USER_CONV (CONVERSATION_ID,USER_ID,STATUS,DATE_CREATED) values (22,1,1,to_date('24-01-2017 15:32:28','DD-MM-YYYY HH24:MI:SS'));
Insert into TSS.USER_CONV (CONVERSATION_ID,USER_ID,STATUS,DATE_CREATED) values (22,22,1,to_date('24-01-2017 15:32:28','DD-MM-YYYY HH24:MI:SS'));
REM INSERTING into TSS.USER_MESSAGE
SET DEFINE OFF;
